補助金名,補助金上限額,補助率,対象地域,従業員数の上限,募集期間,詳細URL,取得日時
「起業スタートダッシュ」 高校生起業家養成プログラム 第5期養成講座の受講生を募集します！,,,東京都,,,https://www.metro.tokyo.lg.jp/information/press/2025/08/2025082704,2025-08-27T10:13:03.442483+00:00
令和7年度「学童クラブ職員就職相談会」の開催について,,,東京都,,,https://www.metro.tokyo.lg.jp/information/press/2025/08/2025082707,2025-08-27T10:13:03.445080+00:00
「令和7年度 第2回 復興応援ふるさと市」の開催,,,東京都,,,https://www.metro.tokyo.lg.jp/information/press/2025/08/2025082606,2025-08-27T10:13:03.445222+00:00
令和7年度障害者週間ポスターの「標語」を募集します 15字で描こう、共に生きる社会,,,東京都,,,https://www.metro.tokyo.lg.jp/information/press/2025/08/2025082716,2025-08-27T10:13:03.445277+00:00
指定医療機関の行政処分について,,,東京都,,,https://www.metro.tokyo.lg.jp/information/press/2025/08/2025082714,2025-08-27T10:13:03.445341+00:00
職場で休職者の復帰を支える皆さまへ 第18回 うつ病休職者の職場復帰支援を考えるフォーラム,,,東京都,,,https://www.metro.tokyo.lg.jp/information/press/2025/08/2025082611,2025-08-27T10:13:03.445418+00:00
「水素モビリティ体験ツアー」の参加者を募集します！ 水素ハイブリッド電車「HYBARI」に乗車し、走行体験するイベントは初開催,,,東京都,,,https://www.metro.tokyo.lg.jp/information/press/2025/08/2025082605,2025-08-27T10:13:03.445574+00:00
令和7年度東京都依存症対策普及啓発フォーラム 多様化する現代の依存症 「やめられない」を、ともに考える,,,東京都,,,https://www.metro.tokyo.lg.jp/information/press/2025/08/2025082603,2025-08-27T10:13:03.445684+00:00
青山創業促進センター 令和7年度下半期アクセラレーションプログラム受講者の募集開始！,,,東京都,,,https://www.metro.tokyo.lg.jp/information/press/2025/08/2025082507,2025-08-27T10:13:03.445892+00:00
京都府等との連携による商談会等を開催します 令和7年度「地域連携型商談機会創出事業」,,,東京都,,,https://www.metro.tokyo.lg.jp/information/press/2025/08/2025082506,2025-08-27T10:13:03.445983+00:00
新規事業　事業承継を契機とした「第二創業」支援事業「ツギノツギ」事業開発プログラム（第一期）の公募開始！,,,東京都,,,https://www.metro.tokyo.lg.jp/information/press/2025/08/2025082505,2025-08-27T10:13:03.446077+00:00
地方独立行政法人東京都健康長寿医療センター監事の任命について,,,東京都,,,https://www.metro.tokyo.lg.jp/information/press/2025/08/2025082503,2025-08-27T10:13:03.446185+00:00
「地域とつながる若者フォーラム」を開催 若者からのアイデア募集を開始します！,,,東京都,,,https://www.metro.tokyo.lg.jp/information/press/2025/08/2025082210,2025-08-27T10:13:03.446306+00:00
家庭のゼロエミッション行動推進事業 「東京ゼロエミポイント」による支援を拡充します！,,,東京都,,,https://www.metro.tokyo.lg.jp/information/press/2025/08/2025082204,2025-08-27T10:13:03.446479+00:00
世界に羽ばたくアニメーター等の育成支援事業 「現代版トキワ荘」起業家育成プログラム第1期生を募集します,,,東京都,,,https://www.metro.tokyo.lg.jp/information/press/2025/08/2025082205,2025-08-27T10:13:03.446563+00:00
全ての業種を対象に中小企業における設備（機械設備、ソフトウェア）の導入を支援します！ 第10回（令和7年度第2回）躍進的な事業推進のための設備投資支援事業募集開始,,,東京都,,,https://www.metro.tokyo.lg.jp/information/press/2025/08/2025082206,2025-08-27T10:13:03.446661+00:00
TOKYO UNITEと連携協定を締結しました,,,東京都,,,https://www.metro.tokyo.lg.jp/information/press/2025/08/2025082211,2025-08-27T10:13:03.446800+00:00
民間医療機関向け補助金概要|事業主の方へ|東京都保健医療局,,,東京都保健医療局,,,https://www.hokeniryo.metro.tokyo.lg.jp/iryo/jigyo/h_gaiyou,2025-08-27T10:13:07.672702+00:00
健康・医療,,,東京都保健医療局,,,https://www.metro.tokyo.lg.jp/kurashi/kenko-iryo?utm_source=search&utm_medium=internal&utm_id=sidebar,2025-08-27T10:13:07.684911+00:00
高齢者・福祉,,,東京都保健医療局,,,https://www.metro.tokyo.lg.jp/kurashi/fukushi?utm_source=search&utm_medium=internal&utm_id=sidebar,2025-08-27T10:13:07.685035+00:00
助成・補助金,,,東京都保健医療局,,,https://www.metro.tokyo.lg.jp/purpose/grant?utm_source=search&utm_medium=internal&utm_id=sidebar,2025-08-27T10:13:07.685456+00:00
公募・募集,,,東京都保健医療局,,,https://www.metro.tokyo.lg.jp/purpose/opencall?utm_source=search&utm_medium=internal&utm_id=sidebar,2025-08-27T10:13:07.685671+00:00
意見募集,,,東京都保健医療局,,,https://www.metro.tokyo.lg.jp/purpose/opinion?utm_source=search&utm_medium=internal&utm_id=sidebar,2025-08-27T10:13:07.685751+00:00
保健医療局,,,東京都保健医療局,,,https://www.hokeniryo.metro.tokyo.lg.jp/?utm_source=search&utm_medium=internal&utm_id=sidebar,2025-08-27T10:13:07.686334+00:00
助成・給付金・融資,,,東京都保健医療局,,,https://www.metro.tokyo.lg.jp/search?keyword=&category=163887,2025-08-27T10:13:07.686874+00:00
事業者募集,,,東京都保健医療局,,,https://www.metro.tokyo.lg.jp/search?keyword=&category=163893,2025-08-27T10:13:07.686969+00:00
みんなの医療・健康情報チャンネル,,,東京都保健医療局,,,https://www.my.metro.tokyo.lg.jp/channel/ch_medical?utm_source=search&utm_medium=internal&utm_id=sidebar,2025-08-27T10:13:07.687560+00:00
医療・介護・福祉で働くチャンネル,,,東京都保健医療局,,,https://www.my.metro.tokyo.lg.jp/channel/ch_welfare-careers?utm_source=search&utm_medium=internal&utm_id=sidebar,2025-08-27T10:13:07.687653+00:00
働くひと応援チャンネル,,,東京都保健医療局,,,https://www.my.metro.tokyo.lg.jp/channel/ch_workers?utm_source=search&utm_medium=internal&utm_id=sidebar,2025-08-27T10:13:07.687729+00:00
IT・スマートライフチャンネル,,,東京都保健医療局,,,https://www.my.metro.tokyo.lg.jp/channel/ch_smartlife?utm_source=search&utm_medium=internal&utm_id=sidebar,2025-08-27T10:13:07.687797+00:00
健康・医療,,,東京都保健医療局,,,https://www.my.metro.tokyo.lg.jp/search/?category=187586&utm_source=search&utm_medium=internal&utm_id=sidebar,2025-08-27T10:13:07.688240+00:00
高齢者・福祉,,,東京都保健医療局,,,https://www.my.metro.tokyo.lg.jp/search/?category=187589&utm_source=search&utm_medium=internal&utm_id=sidebar,2025-08-27T10:13:07.688307+00:00
助成・給付金・融資,,,東京都保健医療局,,,https://www.my.metro.tokyo.lg.jp/business/search/?category=188508&utm_source=search&utm_medium=internal&utm_id=sidebar,2025-08-27T10:13:07.688674+00:00
事業者募集,,,東京都保健医療局,,,https://www.my.metro.tokyo.lg.jp/business/search/?category=188514&utm_source=search&utm_medium=internal&utm_id=sidebar,2025-08-27T10:13:07.688761+00:00
保健医療局の分野別,,,東京都保健医療局,,,https://www.hokeniryo.metro.tokyo.lg.jp/field,2025-08-27T10:13:07.689137+00:00
献血・移植医療,,,東京都保健医療局,,,https://www.hokeniryo.metro.tokyo.lg.jp/kenkou/k_isyoku,2025-08-27T10:13:07.692171+00:00
医療政策,,,東京都保健医療局,,,https://www.hokeniryo.metro.tokyo.lg.jp/iryo,2025-08-27T10:13:07.692331+00:00
医療政策 トップ,,,東京都保健医療局,,,https://www.hokeniryo.metro.tokyo.lg.jp/iryo,2025-08-27T10:13:07.692398+00:00
医療・保健施策,,,東京都保健医療局,,,https://www.hokeniryo.metro.tokyo.lg.jp/iryo/iryo_hoken,2025-08-27T10:13:07.692457+00:00
救急・災害医療,,,東京都保健医療局,,,https://www.hokeniryo.metro.tokyo.lg.jp/iryo/kyuukyuu,2025-08-27T10:13:07.692511+00:00
その他の医療対策,,,東京都保健医療局,,,https://www.hokeniryo.metro.tokyo.lg.jp/iryo/sonota,2025-08-27T10:13:07.692572+00:00
医療助成,,,東京都保健医療局,,,https://www.hokeniryo.metro.tokyo.lg.jp/iryo/josei,2025-08-27T10:13:07.692629+00:00
病院管理,,,東京都保健医療局,,,https://www.hokeniryo.metro.tokyo.lg.jp/iryo/kanri,2025-08-27T10:13:07.692682+00:00
医療法人の設立・運営,,,東京都保健医療局,,,https://www.hokeniryo.metro.tokyo.lg.jp/iryo/hojin,2025-08-27T10:13:07.692740+00:00
医療機関の方へ,,,東京都保健医療局,,,https://www.hokeniryo.metro.tokyo.lg.jp/kansen/iryokikan,2025-08-27T10:13:07.693144+00:00
大気汚染医療費助成制度のご案内,,,東京都保健医療局,,,https://www.hokeniryo.metro.tokyo.lg.jp/kankyo/kankyo-eisei,2025-08-27T10:13:07.693383+00:00
保健・医療を支える体制づくり,,,東京都保健医療局,,,https://www.hokeniryo.metro.tokyo.lg.jp/kiban,2025-08-27T10:13:07.693644+00:00
保健・医療を支える体制づくり トップ,,,東京都保健医療局,,,https://www.hokeniryo.metro.tokyo.lg.jp/kiban,2025-08-27T10:13:07.693699+00:00
都立病院,,,東京都保健医療局,,,https://www.hokeniryo.metro.tokyo.lg.jp/kiban/byouin,2025-08-27T10:13:07.693765+00:00
保健医療局トップ,,,東京都保健医療局,,,https://www.hokeniryo.metro.tokyo.lg.jp/index.html,2025-08-27T10:13:07.693926+00:00
東京都医療機関等物価高騰緊急対策支援金（令和5年度下半期分）,,,東京都保健医療局,,,https://www.hokeniryo.metro.tokyo.lg.jp/iryo/jigyo/h_gaiyou/iryo-bukka2,2025-08-27T10:13:07.694076+00:00
東京都医療機関等物価高騰緊急対策支援金（令和７年度）,,,東京都保健医療局,,,https://www.hokeniryo.metro.tokyo.lg.jp/iryo/jigyo/h_gaiyou/iryo-bukka,2025-08-27T10:13:07.694140+00:00
民間医療機関向け補助金 Q&A,,,東京都保健医療局,,,https://www.hokeniryo.metro.tokyo.lg.jp/iryo/jigyo/h_gaiyou/qa,2025-08-27T10:13:07.694290+00:00
民間医療機関向け補助金 お問合せ一覧,,,東京都保健医療局,,,https://www.hokeniryo.metro.tokyo.lg.jp/iryo/jigyo/h_gaiyou/otoiawase,2025-08-27T10:13:07.694356+00:00
医療施設近代化施設整備事業【病院(一般・精神)】【診療所】,,,東京都保健医療局,,,https://www.hokeniryo.metro.tokyo.lg.jp/iryo/jigyo/h_gaiyou/kindaika,2025-08-27T10:13:07.694416+00:00
地域医療構想推進事業（施設設備整備）,,,東京都保健医療局,,,https://www.hokeniryo.metro.tokyo.lg.jp/iryo/jigyo/h_gaiyou/chiikiiryoukousou_sisetsuseibi,2025-08-27T10:13:07.694473+00:00
地域医療構想推進事業（中小病院支援）,,,東京都保健医療局,,,https://www.hokeniryo.metro.tokyo.lg.jp/iryo/jigyo/h_gaiyou/chiikiiryoukousou_chuusyousien,2025-08-27T10:13:07.694535+00:00
地域医療構想推進事業（開設準備経費支援）,,,東京都保健医療局,,,https://www.hokeniryo.metro.tokyo.lg.jp/iryo/jigyo/h_gaiyou/chiikiiryoukousou_kaisetsujunbi,2025-08-27T10:13:07.694593+00:00
地域医療構想推進事業（開設後人件費支援）,,,東京都保健医療局,,,https://www.hokeniryo.metro.tokyo.lg.jp/iryo/jigyo/h_gaiyou/chiikiiryoukousou_jinkenhi,2025-08-27T10:13:07.694652+00:00
医療機器管理室施設整備事業,,,東京都保健医療局,,,https://www.hokeniryo.metro.tokyo.lg.jp/iryo/jigyo/h_gaiyou/k_shisetsu,2025-08-27T10:13:07.694733+00:00
医療施設等アスベスト（石綿）除去等整備事業,,,東京都保健医療局,,,https://www.hokeniryo.metro.tokyo.lg.jp/iryo/jigyo/h_gaiyou/asubesutojokyo,2025-08-27T10:13:07.694816+00:00
遠隔医療設備整備事業,,,東京都保健医療局,,,https://www.hokeniryo.metro.tokyo.lg.jp/iryo/jigyo/h_gaiyou/enkaku,2025-08-27T10:13:07.694880+00:00
緩和ケア病棟整備事業,,,東京都保健医療局,,,https://www.hokeniryo.metro.tokyo.lg.jp/iryo/jigyo/h_gaiyou/kanwakeabyoutouseibijigyou,2025-08-27T10:13:07.694949+00:00
令和７年度医療機関診療情報サイバーセキュリティ対策支援事業,,,東京都保健医療局,,,https://www.hokeniryo.metro.tokyo.lg.jp/iryo/jigyo/h_gaiyou/cybersecurity,2025-08-27T10:13:07.695013+00:00
令和7年度医療機関診療情報デジタル導入支援事業,,,東京都保健医療局,,,https://www.hokeniryo.metro.tokyo.lg.jp/iryo/jigyo/h_gaiyou/digital_dounyu,2025-08-27T10:13:07.695095+00:00
令和6年度東京都在宅歯科医療設備整備事業【※募集終了】,,,東京都保健医療局,,,https://www.hokeniryo.metro.tokyo.lg.jp/iryo/jigyo/h_gaiyou/zaitakusikairyousetubiseibi,2025-08-27T10:13:07.695158+00:00
東京都医療機関等物価高騰緊急対策支援金（令和6年度）,,,東京都保健医療局,,,https://www.hokeniryo.metro.tokyo.lg.jp/iryo/jigyo/h_gaiyou/iryo-bukka3,2025-08-27T10:13:07.695219+00:00
令和7年度医療DX人材育成支援事業,,,東京都保健医療局,,,https://www.hokeniryo.metro.tokyo.lg.jp/iryo/jigyo/h_gaiyou/dx_zinzai,2025-08-27T10:13:07.695281+00:00
地域医療確保に係る緊急・臨時支援事業支援金（令和7年度）,,,東京都保健医療局,,,https://www.hokeniryo.metro.tokyo.lg.jp/iryo/jigyo/h_gaiyou/iryo-kinkyurinji,2025-08-27T10:13:07.695341+00:00
令和７年度東京都在宅歯科医療設備整備事業,,,東京都保健医療局,,,https://www.hokeniryo.metro.tokyo.lg.jp/iryo/jigyo/h_gaiyou/zaitakusikairyousetubiseibi07,2025-08-27T10:13:07.695400+00:00
小児・産科・救急医療受入推進事業,,,東京都保健医療局,,,https://www.hokeniryo.metro.tokyo.lg.jp/iryo/jigyo/h_gaiyou/shonisankakyukyu,2025-08-27T10:13:07.695478+00:00
在宅医療現場における防犯機器等導入支援事業,,,東京都保健医療局,,,https://www.hokeniryo.metro.tokyo.lg.jp/iryo/jigyo/h_gaiyou/iryo-bouhan,2025-08-27T10:13:07.695537+00:00
障害者歯科医療設備整備補助事業（令和７年度）,,,東京都保健医療局,,,https://www.hokeniryo.metro.tokyo.lg.jp/iryo/jigyo/shougaishasika,2025-08-27T10:13:07.695599+00:00
地域医療確保に係る緊急・臨時支援事業,,,東京都保健医療局,,,https://www.hokeniryo.metro.tokyo.lg.jp/iryo/jigyo/h_gaiyou/iryo-kinkyurinji,2025-08-27T10:13:07.695703+00:00
東京都医療機関等物価高騰緊急対策支援金（令和７年度）,,,東京都保健医療局,,,https://www.hokeniryo.metro.tokyo.lg.jp/iryo/jigyo/h_gaiyou/iryo-bukka.html,2025-08-27T10:13:07.695773+00:00
東京都医療機関等物価高騰緊急対策支援金（令和６年度）,,,東京都保健医療局,,,https://www.hokeniryo.metro.tokyo.lg.jp/iryo/jigyo/h_gaiyou/iryo-bukka3,2025-08-27T10:13:07.695827+00:00
東京都医療機関等物価高騰緊急対策支援金（令和5年度下半期分）,,,東京都保健医療局,,,https://www.hokeniryo.metro.tokyo.lg.jp/iryo/jigyo/h_gaiyou/iryo-bukka2.html,2025-08-27T10:13:07.695889+00:00
令和6年度医療機関診療情報デジタル導入支援事業,,,東京都保健医療局,,,https://www.hokeniryo.metro.tokyo.lg.jp/iryo/jigyo/h_gaiyou/digital_dounyu.html,2025-08-27T10:13:07.695958+00:00
令和6年度診療所診療情報デジタル推進事業,,,東京都保健医療局,,,https://www.hokeniryo.metro.tokyo.lg.jp/iryo/jigyo/h_gaiyou/digital_dounyu.html,2025-08-27T10:13:07.696006+00:00
令和6年度病院診療情報サイバーセキュリティ対策支援事業,,,東京都保健医療局,,,https://www.hokeniryo.metro.tokyo.lg.jp/iryo/jigyo/h_gaiyou/cybersecurity.html,2025-08-27T10:13:07.696072+00:00
看護師等養成所耐震整備事業（国庫補助事業）,,,東京都保健医療局,,,https://www.hokeniryo.metro.tokyo.lg.jp/iryo/jigyo/hojo/taisinnseibi.html,2025-08-27T10:13:07.696156+00:00
看護師の特定行為に係る指定研修機関等施設整備事業（国庫補助事業）,,,東京都保健医療局,,,https://www.hokeniryo.metro.tokyo.lg.jp/iryo/jigyo/hojo/tokuteikoui.html,2025-08-27T10:13:07.696248+00:00
医療施設近代化施設整備事業（結核）,,,東京都保健医療局,,,https://www.hokeniryo.metro.tokyo.lg.jp/kansen/kekkaku/kindaika.html,2025-08-27T10:13:07.696355+00:00
看護師勤務環境改善施設整備事業,,,東京都保健医療局,,,https://www.hokeniryo.metro.tokyo.lg.jp/iryo/jigyo/hojo/kinmu.html,2025-08-27T10:13:07.696416+00:00
看護外来相談開設促進事業施設整備費補助事業,,,東京都保健医療局,,,https://www.hokeniryo.metro.tokyo.lg.jp/iryo/jigyo/hojo/kangogairai.html,2025-08-27T10:13:07.696471+00:00
看護師宿舎施設整備事業,,,東京都保健医療局,,,https://www.hokeniryo.metro.tokyo.lg.jp/iryo/jigyo/hojo/syukusya.html,2025-08-27T10:13:07.696533+00:00
民間医療機関向け補助金 Q&A,,,東京都保健医療局,,,https://www.hokeniryo.metro.tokyo.lg.jp/iryo/jigyo/h_gaiyou/qa.html,2025-08-27T10:13:07.696636+00:00
民間医療機関向け補助金 お問合せ一覧,,,東京都保健医療局,,,https://www.hokeniryo.metro.tokyo.lg.jp/iryo/jigyo/h_gaiyou/otoiawase.html,2025-08-27T10:13:07.696701+00:00
医療施設近代化施設整備事業【病院(一般・精神)】【診療所】,,,東京都保健医療局,,,https://www.hokeniryo.metro.tokyo.lg.jp/iryo/jigyo/h_gaiyou/kindaika.html,2025-08-27T10:13:07.696760+00:00
地域医療構想推進事業（施設設備整備）,,,東京都保健医療局,,,https://www.hokeniryo.metro.tokyo.lg.jp/iryo/jigyo/h_gaiyou/chiikiiryoukousou_sisetsuseibi.html,2025-08-27T10:13:07.696825+00:00
地域医療構想推進事業（中小病院支援）,,,東京都保健医療局,,,https://www.hokeniryo.metro.tokyo.lg.jp/iryo/jigyo/h_gaiyou/chiikiiryoukousou_chuusyousien.html,2025-08-27T10:13:07.696895+00:00
地域医療構想推進事業（開設準備経費支援）,,,東京都保健医療局,,,https://www.hokeniryo.metro.tokyo.lg.jp/iryo/jigyo/h_gaiyou/chiikiiryoukousou_kaisetsujunbi.html,2025-08-27T10:13:07.696959+00:00
地域医療構想推進事業（開設後人件費支援）,,,東京都保健医療局,,,https://www.hokeniryo.metro.tokyo.lg.jp/iryo/jigyo/h_gaiyou/chiikiiryoukousou_jinkenhi.html,2025-08-27T10:13:07.697025+00:00
医療機器管理室施設整備事業,,,東京都保健医療局,,,https://www.hokeniryo.metro.tokyo.lg.jp/iryo/jigyo/h_gaiyou/k_shisetsu.html,2025-08-27T10:13:07.697113+00:00
医療施設等アスベスト（石綿）除去等整備事業,,,東京都保健医療局,,,https://www.hokeniryo.metro.tokyo.lg.jp/iryo/jigyo/h_gaiyou/asubesutojokyo.html,2025-08-27T10:13:07.697196+00:00
遠隔医療設備整備事業,,,東京都保健医療局,,,https://www.hokeniryo.metro.tokyo.lg.jp/iryo/jigyo/h_gaiyou/enkaku.html,2025-08-27T10:13:07.697261+00:00
緩和ケア病棟整備事業,,,東京都保健医療局,,,https://www.hokeniryo.metro.tokyo.lg.jp/iryo/jigyo/h_gaiyou/kanwakeabyoutouseibijigyou.html,2025-08-27T10:13:07.697316+00:00
令和6年度東京都地域医療構想推進事業（経営研修会・個別相談会）の募集について,,,東京都保健医療局,,,https://www.hokeniryo.metro.tokyo.lg.jp/iryo/jigyo/kensyuu,2025-08-27T10:13:07.697391+00:00
令和6年度東京都地域医療構想推進事業（転換促進支援）の募集について,,,東京都保健医療局,,,https://www.hokeniryo.metro.tokyo.lg.jp/iryo/jigyo/tenkansokushin,2025-08-27T10:13:07.697455+00:00
令和6年度地域医療構想推進事業（転換実行支援）の募集について,,,東京都保健医療局,,,https://www.hokeniryo.metro.tokyo.lg.jp/iryo/jigyo/tenkanjikkou,2025-08-27T10:13:07.697522+00:00
医療政策部所管医療機関等支援事業の概要,,,東京都保健医療局,,,https://www.hokeniryo.metro.tokyo.lg.jp/iryo/jigyo/jigyougaiyou,2025-08-27T10:13:07.697584+00:00
令和7年度 東京都地域医療連携システムデジタル環境整備推進事業,,,東京都保健医療局,,,https://www.hokeniryo.metro.tokyo.lg.jp/iryo/jigyo/ict,2025-08-27T10:13:07.697647+00:00
民間医療機関向け補助金概要,,,東京都保健医療局,,,https://www.hokeniryo.metro.tokyo.lg.jp/iryo/jigyo/h_gaiyou,2025-08-27T10:13:07.697710+00:00
民間医療機関向け補助金概要トップ,,,東京都保健医療局,,,https://www.hokeniryo.metro.tokyo.lg.jp/iryo/jigyo/h_gaiyou,2025-08-27T10:13:07.697756+00:00
看護師等養成所耐震整備事業（国庫補助事業）,,,東京都保健医療局,,,https://www.hokeniryo.metro.tokyo.lg.jp/iryo/jigyo/hojo/taisinnseibi,2025-08-27T10:13:07.698699+00:00
看護師の特定行為に係る指定研修機関等施設整備事業（国庫補助事業）,,,東京都保健医療局,,,https://www.hokeniryo.metro.tokyo.lg.jp/iryo/jigyo/hojo/tokuteikoui,2025-08-27T10:13:07.698763+00:00
看護外来相談開設促進事業施設整備費補助事業,,,東京都保健医療局,,,https://www.hokeniryo.metro.tokyo.lg.jp/iryo/jigyo/hojo/kangogairai,2025-08-27T10:13:07.698831+00:00
東京都新人看護職員研修事業,,,東京都保健医療局,,,https://www.hokeniryo.metro.tokyo.lg.jp/iryo/jigyo/hojo/shinjinkango,2025-08-27T10:13:07.698888+00:00
医師臨床研修病院研修医環境整備事業,,,東京都保健医療局,,,https://www.hokeniryo.metro.tokyo.lg.jp/iryo/jigyo/hojo/k_seibi,2025-08-27T10:13:07.698954+00:00
看護師勤務環境改善施設整備事業,,,東京都保健医療局,,,https://www.hokeniryo.metro.tokyo.lg.jp/iryo/jigyo/hojo/kinmu,2025-08-27T10:13:07.699014+00:00
看護師等養成所施設整備等補助事業,,,東京都保健医療局,,,https://www.hokeniryo.metro.tokyo.lg.jp/iryo/jigyo/hojo/jigyou,2025-08-27T10:13:07.699075+00:00
看護師宿舎施設整備事業,,,東京都保健医療局,,,https://www.hokeniryo.metro.tokyo.lg.jp/iryo/jigyo/hojo/syukusya,2025-08-27T10:13:07.699138+00:00
看護師等養成所運営費補助,,,東京都保健医療局,,,https://www.hokeniryo.metro.tokyo.lg.jp/iryo/jigyo/hojo/uneihi,2025-08-27T10:13:07.699194+00:00
令和7年度 医療機関におけるＡＩ技術活用促進事業,,,東京都保健医療局,,,https://www.hokeniryo.metro.tokyo.lg.jp/iryo/jigyo/ai,2025-08-27T10:13:07.699260+00:00
東京都生産性向上・職場環境整備等支援事業補助金,,,東京都保健医療局,,,https://www.hokeniryo.metro.tokyo.lg.jp/iryo/jigyo/productivity,2025-08-27T10:13:07.699364+00:00
医療施設等経営強化緊急支援事業（厚生労働省令和６年度補正予算）,,,東京都保健医療局,,,https://www.hokeniryo.metro.tokyo.lg.jp/iryo/jigyo/kinkyushien_package,2025-08-27T10:13:07.700848+00:00
医療機関におけるデジタル化の支援について|医療・保健施策|東京都保健医療局,,,東京都保健医療局,,,https://www.hokeniryo.metro.tokyo.lg.jp/iryo/iryo_hoken/iryodigital,2025-08-27T10:13:09.865790+00:00
東京都医療機関デジタル化推進セミナー（基礎編）,,,東京都保健医療局,,,https://www.hokeniryo.metro.tokyo.lg.jp/iryo/iryo_hoken/iryodigital/digitalseminar,2025-08-27T10:13:09.885115+00:00
東京都医療機関デジタル化推進セミナー（第1回応用編）,,,東京都保健医療局,,,https://www.hokeniryo.metro.tokyo.lg.jp/iryo/iryo_hoken/iryodigital/digitalseminaroyo1,2025-08-27T10:13:09.885180+00:00
東京都医療機関デジタル化推進セミナー（第2回応用編）,,,東京都保健医療局,,,https://www.hokeniryo.metro.tokyo.lg.jp/iryo/iryo_hoken/iryodigital/digitalseminaroyo2,2025-08-27T10:13:09.885239+00:00
東京都医療機関デジタル化推進セミナー（第３回応用編）,,,東京都保健医療局,,,https://www.hokeniryo.metro.tokyo.lg.jp/iryo/iryo_hoken/iryodigital/digitalseminaroyo3,2025-08-27T10:13:09.885311+00:00
電子カルテを導入している病院及び一般診療所（令和７年８月１日現在）,,,東京都保健医療局,,,https://www.hokeniryo.metro.tokyo.lg.jp/iryo/iryo_hoken/iryodigital/denkarudounyuukouhyou,2025-08-27T10:13:09.885401+00:00
コチラ（補助金ページへ移動）,,,東京都保健医療局,,,https://www.hokeniryo.metro.tokyo.lg.jp/iryo/jigyo/ictkiban.html,2025-08-27T10:13:09.885574+00:00
コチラ（補助金ページへ移動）,,,東京都保健医療局,,,https://www.hokeniryo.metro.tokyo.lg.jp/iryo/jigyo/h_gaiyou/clinic_digital_suishin.html,2025-08-27T10:13:09.885635+00:00
コチラ（補助金ページへ移動）,,,東京都保健医療局,,,https://www.hokeniryo.metro.tokyo.lg.jp/iryo/jigyo/h_gaiyou/digital_dounyu.html,2025-08-27T10:13:09.885698+00:00
コチラ（補助金ページへ移動）,,,東京都保健医療局,,,https://www.hokeniryo.metro.tokyo.lg.jp/iryo/jigyo/h_gaiyou/dx_zinzai,2025-08-27T10:13:09.885760+00:00
コチラ（補助金ページへ移動）,,,東京都保健医療局,,,https://www.hokeniryo.metro.tokyo.lg.jp/iryo/jigyo/ict.html,2025-08-27T10:13:09.885815+00:00
コチラ（補助金ページへ移動）,,,東京都保健医療局,,,https://www.hokeniryo.metro.tokyo.lg.jp/iryo/jigyo/h_gaiyou/cybersecurity.html,2025-08-27T10:13:09.885870+00:00
コチラ（補助金ページへ移動）,,,東京都保健医療局,,,https://www.hokeniryo.metro.tokyo.lg.jp/iryo/jigyo/ai.html,2025-08-27T10:13:09.885927+00:00
コチラ（補助金ページへ移動）,,,東京都保健医療局,,,https://www.hokeniryo.metro.tokyo.lg.jp/iryo/iryo_hoken/denshisyohosen.html,2025-08-27T10:13:09.885982+00:00
医療機関におけるデジタル化の支援について,,,東京都保健医療局,,,https://www.hokeniryo.metro.tokyo.lg.jp/iryo/iryo_hoken/iryodigital,2025-08-27T10:13:09.886102+00:00
医療機関におけるデジタル化の支援についてトップ,,,東京都保健医療局,,,https://www.hokeniryo.metro.tokyo.lg.jp/iryo/iryo_hoken/iryodigital,2025-08-27T10:13:09.886150+00:00
医療機関における電子処方箋の活用・普及の促進事業,,,東京都保健医療局,,,https://www.hokeniryo.metro.tokyo.lg.jp/iryo/iryo_hoken/denshisyohosen,2025-08-27T10:13:09.886498+00:00
オンライン歯科診療等,,,東京都保健医療局,,,https://www.hokeniryo.metro.tokyo.lg.jp/iryo/iryo_hoken/online-shika,2025-08-27T10:13:09.886585+00:00
オンライン診療等,,,東京都保健医療局,,,https://www.hokeniryo.metro.tokyo.lg.jp/iryo/iryo_hoken/onlineshinryo,2025-08-27T10:13:09.886641+00:00
オンライン診療等トップ,,,東京都保健医療局,,,https://www.hokeniryo.metro.tokyo.lg.jp/iryo/iryo_hoken/onlineshinryo,2025-08-27T10:13:09.886687+00:00
オンライン診療等（医療機関の皆様向け）,,,東京都保健医療局,,,https://www.hokeniryo.metro.tokyo.lg.jp/iryo/iryo_hoken/onlineshinryo/iryokikan,2025-08-27T10:13:09.886759+00:00
オンライン診療等（都民の皆様向け）,,,東京都保健医療局,,,https://www.hokeniryo.metro.tokyo.lg.jp/iryo/iryo_hoken/onlineshinryo/tomin,2025-08-27T10:13:09.886818+00:00
オンライン診療等を実施する医療機関への支援,,,東京都保健医療局,,,https://www.hokeniryo.metro.tokyo.lg.jp/iryo/iryo_hoken/onlineshinryo/r32kankyoseibi,2025-08-27T10:13:09.886876+00:00
「令和3年度遠隔医療従事者研修」の開催について（厚生労働省事業）,,,東京都保健医療局,,,https://www.hokeniryo.metro.tokyo.lg.jp/iryo/iryo_hoken/onlineshinryo/enkaku_kensyu03,2025-08-27T10:13:09.886955+00:00
令和2年度オンライン医療相談・診療等環境整備補助事業について,,,東京都保健医療局,,,https://www.hokeniryo.metro.tokyo.lg.jp/iryo/iryo_hoken/onlineshinryo/r2hojojigyo,2025-08-27T10:13:09.887021+00:00
令和7年度オンライン医療相談・診療等環境整備補助事業について,,,東京都保健医療局,,,https://www.hokeniryo.metro.tokyo.lg.jp/iryo/iryo_hoken/onlineshinryo/r7kankyoseibi,2025-08-27T10:13:09.887089+00:00
東京都オンライン診療推進セミナー,,,東京都保健医療局,,,https://www.hokeniryo.metro.tokyo.lg.jp/iryo/iryo_hoken/onlineshinryo/onlineshinryoseminar,2025-08-27T10:13:09.887162+00:00
令和5年度ACP（アドバンス・ケア・プランニング）取組推進研修,,,東京都保健医療局,,,https://www.hokeniryo.metro.tokyo.lg.jp/iryo/iryo_hoken/zaitakuryouyou/acp_5seminer,2025-08-27T10:13:09.887254+00:00
【無料動画配信中】「在宅療養に関わる医療介護従事者に対するハラスメント対策」(令和4年度在宅療養推進シンポジウム),,,東京都保健医療局,,,https://www.hokeniryo.metro.tokyo.lg.jp/iryo/iryo_hoken/zaitakuryouyou/r4zaitakusuisinsimpo,2025-08-27T10:13:09.887367+00:00
令和元年度東京都医療機能実態調査（在宅医療機能に係る実態調査）結果報告書,,,東京都保健医療局,,,https://www.hokeniryo.metro.tokyo.lg.jp/iryo/iryo_hoken/zaitakuryouyou/iryo-kino,2025-08-27T10:13:09.887597+00:00
在宅医療実践ガイドブック,,,東京都保健医療局,,,https://www.hokeniryo.metro.tokyo.lg.jp/iryo/iryo_hoken/zaitakuryouyou/zaitaku_guidebook,2025-08-27T10:13:09.887692+00:00
在宅医療・介護連携に関する相談支援窓口一覧について,,,東京都保健医療局,,,https://www.hokeniryo.metro.tokyo.lg.jp/iryo/iryo_hoken/zaitakuryouyou/madoguchiichirann,2025-08-27T10:13:09.887813+00:00
看護人材確保対策,,,東京都保健医療局,,,https://www.hokeniryo.metro.tokyo.lg.jp/iryo/iryo_hoken/kango,2025-08-27T10:13:09.887938+00:00
看護人材確保対策トップ,,,東京都保健医療局,,,https://www.hokeniryo.metro.tokyo.lg.jp/iryo/iryo_hoken/kango,2025-08-27T10:13:09.888034+00:00
看護のお仕事応援フェア,,,東京都保健医療局,,,https://www.hokeniryo.metro.tokyo.lg.jp/iryo/iryo_hoken/kango/nursefair,2025-08-27T10:13:09.888134+00:00
看護職員再就業支援事業,,,東京都保健医療局,,,https://www.hokeniryo.metro.tokyo.lg.jp/iryo/iryo_hoken/kango/saishuugyou,2025-08-27T10:13:09.888211+00:00
看護師等キャリアアップ支援事業,,,東京都保健医療局,,,https://www.hokeniryo.metro.tokyo.lg.jp/iryo/iryo_hoken/kango/careerup,2025-08-27T10:13:09.888304+00:00
東京都看護人材確保対策会議,,,東京都保健医療局,,,https://www.hokeniryo.metro.tokyo.lg.jp/iryo/iryo_hoken/kango/kantai,2025-08-27T10:13:09.888368+00:00
看護管理者連絡会議,,,東京都保健医療局,,,https://www.hokeniryo.metro.tokyo.lg.jp/iryo/iryo_hoken/kango/kk_kaigi,2025-08-27T10:13:09.888591+00:00
東京都看護職員地域確保支援事業（看護職復職支援研修）,,,東京都保健医療局,,,https://www.hokeniryo.metro.tokyo.lg.jp/iryo/iryo_hoken/kango/fukushoku,2025-08-27T10:13:09.888776+00:00
看護人材関係調査,,,東京都保健医療局,,,https://www.hokeniryo.metro.tokyo.lg.jp/iryo/iryo_hoken/kango/kangosurvey,2025-08-27T10:13:09.888929+00:00
看護人材確保対策,,,東京都保健医療局,,,https://www.hokeniryo.metro.tokyo.lg.jp/iryo/iryo_hoken/kango/kangojinzaikakuhotaisaku,2025-08-27T10:13:09.889004+00:00
災害時看護体制整備事業,,,東京都保健医療局,,,https://www.hokeniryo.metro.tokyo.lg.jp/iryo/iryo_hoken/kango/saigai,2025-08-27T10:13:09.889068+00:00
都民の医療に対する理解促進,,,東京都保健医療局,,,https://www.hokeniryo.metro.tokyo.lg.jp/iryo/iryo_hoken/rikaisokushin,2025-08-27T10:13:09.889126+00:00
都民の医療に対する理解促進トップ,,,東京都保健医療局,,,https://www.hokeniryo.metro.tokyo.lg.jp/iryo/iryo_hoken/rikaisokushin,2025-08-27T10:13:09.889177+00:00
医療情報の理解促進に関する研修会,,,東京都保健医療局,,,https://www.hokeniryo.metro.tokyo.lg.jp/iryo/iryo_hoken/rikaisokushin/rikaisokushinkensyuu,2025-08-27T10:13:09.889231+00:00
医療情報に関する理解促進委員会,,,東京都保健医療局,,,https://www.hokeniryo.metro.tokyo.lg.jp/iryo/iryo_hoken/rikaisokushin/rikaisokushiniinkai,2025-08-27T10:13:09.889284+00:00
知って安心暮らしの中の医療情報ナビ,,,東京都保健医療局,,,https://www.hokeniryo.metro.tokyo.lg.jp/iryo/iryo_hoken/rikaisokushin/navi,2025-08-27T10:13:09.889342+00:00
東京都医療審議会,,,東京都保健医療局,,,https://www.hokeniryo.metro.tokyo.lg.jp/iryo/iryo_hoken/iryoshingikai,2025-08-27T10:13:09.889399+00:00
東京都医療審議会トップ,,,東京都保健医療局,,,https://www.hokeniryo.metro.tokyo.lg.jp/iryo/iryo_hoken/iryoshingikai,2025-08-27T10:13:09.889446+00:00
平成28年度第1回東京都医療審議会（平成28年7月14日開催）,,,東京都保健医療局,,,https://www.hokeniryo.metro.tokyo.lg.jp/iryo/iryo_hoken/iryoshingikai/28-1iryoshingikai,2025-08-27T10:13:09.889501+00:00
平成28年度第2回東京都医療審議会（平成28年7月26日開催）,,,東京都保健医療局,,,https://www.hokeniryo.metro.tokyo.lg.jp/iryo/iryo_hoken/iryoshingikai/28-2iryoshingikai,2025-08-27T10:13:09.889564+00:00
平成29年度第1回東京都医療審議会（平成29年7月28日開催）,,,東京都保健医療局,,,https://www.hokeniryo.metro.tokyo.lg.jp/iryo/iryo_hoken/iryoshingikai/h2901iryousingikai,2025-08-27T10:13:09.889626+00:00
平成29年度第2回東京都医療審議会（平成29年10月13日開催）,,,東京都保健医療局,,,https://www.hokeniryo.metro.tokyo.lg.jp/iryo/iryo_hoken/iryoshingikai/h292iryoushingikai,2025-08-27T10:13:09.889689+00:00
平成29年度第3回東京都医療審議会（平成30年2月6日開催）,,,東京都保健医療局,,,https://www.hokeniryo.metro.tokyo.lg.jp/iryo/iryo_hoken/iryoshingikai/h2903iryousingikai,2025-08-27T10:13:09.889748+00:00
平成29年度第4回東京都医療審議会（平成30年3月29日開催）,,,東京都保健医療局,,,https://www.hokeniryo.metro.tokyo.lg.jp/iryo/iryo_hoken/iryoshingikai/h2904iryousingikai,2025-08-27T10:13:09.889810+00:00
平成30年度第1回東京都医療審議会（平成30年7月26日開催）,,,東京都保健医療局,,,https://www.hokeniryo.metro.tokyo.lg.jp/iryo/iryo_hoken/iryoshingikai/h3001iryousingikai,2025-08-27T10:13:09.889870+00:00
平成30年度第3回東京都医療審議会（平成31年3月28日開催）,,,東京都保健医療局,,,https://www.hokeniryo.metro.tokyo.lg.jp/iryo/iryo_hoken/iryoshingikai/h3003iryousingikai,2025-08-27T10:13:09.889932+00:00
令和元年度第1回東京都医療審議会（令和元年7月30日開催）,,,東京都保健医療局,,,https://www.hokeniryo.metro.tokyo.lg.jp/iryo/iryo_hoken/iryoshingikai/r0101iryoushingikai,2025-08-27T10:13:09.889998+00:00
令和元年度第2回東京都医療審議会（令和2年3月3日開催）,,,東京都保健医療局,,,https://www.hokeniryo.metro.tokyo.lg.jp/iryo/iryo_hoken/iryoshingikai/r102iryoushigikai,2025-08-27T10:13:09.890059+00:00
令和元年度第3回東京都医療審議会（令和2年3月26日書面開催）,,,東京都保健医療局,,,https://www.hokeniryo.metro.tokyo.lg.jp/iryo/iryo_hoken/iryoshingikai/r1-3singikai,2025-08-27T10:13:09.890123+00:00
令和2年度第2回東京都医療審議会（書面開催）,,,東京都保健医療局,,,https://www.hokeniryo.metro.tokyo.lg.jp/iryo/iryo_hoken/iryoshingikai/r2-2shingikai,2025-08-27T10:13:09.890194+00:00
令和2年度第3回東京都医療審議会（令和3年3月29日開催）,,,東京都保健医療局,,,https://www.hokeniryo.metro.tokyo.lg.jp/iryo/iryo_hoken/iryoshingikai/r2-3singikai,2025-08-27T10:13:09.890251+00:00
令和3年度第2回東京都医療審議会（令和3年6月29日開催）,,,東京都保健医療局,,,https://www.hokeniryo.metro.tokyo.lg.jp/iryo/iryo_hoken/iryoshingikai/r3-2iryousingikai,2025-08-27T10:13:09.890312+00:00
令和3年度第4回東京都医療審議会（令和3年9月29日開催）,,,東京都保健医療局,,,https://www.hokeniryo.metro.tokyo.lg.jp/iryo/iryo_hoken/iryoshingikai/r3-4singikai,2025-08-27T10:13:09.890370+00:00
令和3年度第5回東京都医療審議会（令和4年3月29日開催）,,,東京都保健医療局,,,https://www.hokeniryo.metro.tokyo.lg.jp/iryo/iryo_hoken/iryoshingikai/r3-5singikai,2025-08-27T10:13:09.890438+00:00
令和4年度第1回東京都医療審議会（令和4年6月21日書面開催）,,,東京都保健医療局,,,https://www.hokeniryo.metro.tokyo.lg.jp/iryo/iryo_hoken/iryoshingikai/r4-1singikai,2025-08-27T10:13:09.890500+00:00
令和4年度第2回東京都医療審議会（令和5年2月6日開催）,,,東京都保健医療局,,,https://www.hokeniryo.metro.tokyo.lg.jp/iryo/iryo_hoken/iryoshingikai/r4-2singikai,2025-08-27T10:13:09.890553+00:00
令和4年度第3回東京都医療審議会（令和5年3月29日開催）,,,東京都保健医療局,,,https://www.hokeniryo.metro.tokyo.lg.jp/iryo/iryo_hoken/iryoshingikai/r4-3singikai,2025-08-27T10:13:09.890599+00:00
令和5年度第1回東京都医療審議会（令和5年7月6日開催）,,,東京都保健医療局,,,https://www.hokeniryo.metro.tokyo.lg.jp/iryo/iryo_hoken/iryoshingikai/r5-1singikai,2025-08-27T10:13:09.890646+00:00
外国人のためのTOKYO医療情報サイト,,,東京都保健医療局,,,https://www.hokeniryo.metro.tokyo.lg.jp/iryo/iryo_hoken/medical_info,2025-08-27T10:13:09.890704+00:00
外国人のためのTOKYO医療情報サイトトップ,,,東京都保健医療局,,,https://www.hokeniryo.metro.tokyo.lg.jp/iryo/iryo_hoken/medical_info,2025-08-27T10:13:09.890744+00:00
外国人患者向け医療情報サービス,,,東京都保健医療局,,,https://www.hokeniryo.metro.tokyo.lg.jp/iryo/iryo_hoken/medical_info/himawari,2025-08-27T10:13:09.890809+00:00
医療情報ネット「ナビイ」,,,東京都保健医療局,,,https://www.hokeniryo.metro.tokyo.lg.jp/iryo/iryo_hoken/medical_info/navii,2025-08-27T10:13:09.890873+00:00
外国人患者の受け入れが可能な医療機関のリスト,,,東京都保健医療局,,,https://www.hokeniryo.metro.tokyo.lg.jp/iryo/iryo_hoken/medical_info/hospitals_list,2025-08-27T10:13:09.890922+00:00
症状に応じた診療科,,,東京都保健医療局,,,https://www.hokeniryo.metro.tokyo.lg.jp/iryo/iryo_hoken/medical_info/department,2025-08-27T10:13:09.890968+00:00
医療機関にかかるときの流れ,,,東京都保健医療局,,,https://www.hokeniryo.metro.tokyo.lg.jp/iryo/iryo_hoken/medical_info/flow,2025-08-27T10:13:09.891016+00:00
日本の医療制度,,,東京都保健医療局,,,https://www.hokeniryo.metro.tokyo.lg.jp/iryo/iryo_hoken/medical_info/system,2025-08-27T10:13:09.891065+00:00
医療保険について,,,東京都保健医療局,,,https://www.hokeniryo.metro.tokyo.lg.jp/iryo/iryo_hoken/medical_info/insurance,2025-08-27T10:13:09.891111+00:00
医療機関向け外国人患者対応支援ポータルサイト,,,東京都保健医療局,,,https://www.hokeniryo.metro.tokyo.lg.jp/iryo/iryo_hoken/gaikokujin,2025-08-27T10:13:09.891245+00:00
医療機関向け外国人患者対応支援ポータルサイトトップ,,,東京都保健医療局,,,https://www.hokeniryo.metro.tokyo.lg.jp/iryo/iryo_hoken/gaikokujin,2025-08-27T10:13:09.891285+00:00
JMIP認証医療機関・外国人患者を受け入れる拠点的な医療機関,,,東京都保健医療局,,,https://www.hokeniryo.metro.tokyo.lg.jp/iryo/iryo_hoken/gaikokujin/area,2025-08-27T10:13:09.891379+00:00
外国人患者の医療提供体制に係る検討,,,東京都保健医療局,,,https://www.hokeniryo.metro.tokyo.lg.jp/iryo/iryo_hoken/gaikokujin/kentou,2025-08-27T10:13:09.891591+00:00
外国人患者への医療に関する事業一覧等,,,東京都保健医療局,,,https://www.hokeniryo.metro.tokyo.lg.jp/iryo/iryo_hoken/gaikokujin/jigyouichiran,2025-08-27T10:13:09.891695+00:00
医療機関における外国人患者対応支援研修,,,東京都保健医療局,,,https://www.hokeniryo.metro.tokyo.lg.jp/iryo/iryo_hoken/gaikokujin/taiousienkensyuu,2025-08-27T10:13:09.891759+00:00
外国人患者への医療提供体制に関する検討会,,,東京都保健医療局,,,https://www.hokeniryo.metro.tokyo.lg.jp/iryo/iryo_hoken/gaikokujin/gaikokujin-kentoukai,2025-08-27T10:13:09.891836+00:00
東京の離島・山間地医療,,,東京都保健医療局,,,https://www.hokeniryo.metro.tokyo.lg.jp/iryo/iryo_hoken/ritousankan,2025-08-27T10:13:09.891887+00:00
東京の離島・山間地医療トップ,,,東京都保健医療局,,,https://www.hokeniryo.metro.tokyo.lg.jp/iryo/iryo_hoken/ritousankan,2025-08-27T10:13:09.891929+00:00
離島・山間地医療の概要,,,東京都保健医療局,,,https://www.hokeniryo.metro.tokyo.lg.jp/iryo/iryo_hoken/ritousankan/gaiyou_ritou,2025-08-27T10:13:09.891977+00:00
東京都へき地医療支援機構,,,東京都保健医療局,,,https://www.hokeniryo.metro.tokyo.lg.jp/iryo/iryo_hoken/ritousankan/hekichi_shienkikou,2025-08-27T10:13:09.892022+00:00
東京都へき地医療対策協議会,,,東京都保健医療局,,,https://www.hokeniryo.metro.tokyo.lg.jp/iryo/iryo_hoken/ritousankan/hekiti_kyogikai,2025-08-27T10:13:09.892067+00:00
東京都へき地医療支援機構無料職業紹介事業所,,,東京都保健医療局,,,https://www.hokeniryo.metro.tokyo.lg.jp/iryo/iryo_hoken/ritousankan/hekiti_shokai,2025-08-27T10:13:09.892135+00:00
求人一覧（医療従事者募集・代診医登録）,,,東京都保健医療局,,,https://www.hokeniryo.metro.tokyo.lg.jp/iryo/iryo_hoken/ritousankan/kyuujin,2025-08-27T10:13:09.892197+00:00
離島の医療機関を見学しませんか？（医療従事者向け現地見学会）,,,東京都保健医療局,,,https://www.hokeniryo.metro.tokyo.lg.jp/iryo/iryo_hoken/ritousankan/tosho_chiiki_kengaku,2025-08-27T10:13:09.892265+00:00
東京都へき地医療機関派遣労働者向け事前研修,,,東京都保健医療局,,,https://www.hokeniryo.metro.tokyo.lg.jp/iryo/iryo_hoken/ritousankan/jizenkenshu,2025-08-27T10:13:09.892331+00:00
伊豆諸島・小笠原諸島 各島の医療介護資源,,,東京都保健医療局,,,https://www.hokeniryo.metro.tokyo.lg.jp/iryo/iryo_hoken/ritousankan/shima_iryo_kaigo_shigen,2025-08-27T10:13:09.892402+00:00
東京都へき地医療支援機構通信,,,東京都保健医療局,,,https://www.hokeniryo.metro.tokyo.lg.jp/iryo/iryo_hoken/ritousankan/hekichi_shienkikou_ts,2025-08-27T10:13:09.892477+00:00
離島・山間地域医療機関等のリンク集,,,東京都保健医療局,,,https://www.hokeniryo.metro.tokyo.lg.jp/iryo/iryo_hoken/ritousankan/ts_rink,2025-08-27T10:13:09.892542+00:00
東京都保健医療計画,,,東京都保健医療局,,,https://www.hokeniryo.metro.tokyo.lg.jp/iryo/iryo_hoken/hoken_keikaku,2025-08-27T10:13:09.892710+00:00
東京都保健医療計画関連事項,,,東京都保健医療局,,,https://www.hokeniryo.metro.tokyo.lg.jp/iryo/iryo_hoken/kanren,2025-08-27T10:13:09.892758+00:00
東京都保健医療計画関連事項トップ,,,東京都保健医療局,,,https://www.hokeniryo.metro.tokyo.lg.jp/iryo/iryo_hoken/kanren,2025-08-27T10:13:09.892797+00:00
東京都保健医療計画説明会（令和6年5月27日開催）,,,東京都保健医療局,,,https://www.hokeniryo.metro.tokyo.lg.jp/iryo/iryo_hoken/kanren/hokeniryoukeikakusetsumeikai,2025-08-27T10:13:09.892843+00:00
【募集終了】「東京都保健医療計画（第七次改定）案」についてご意見を募集します,,,東京都保健医療局,,,https://www.hokeniryo.metro.tokyo.lg.jp/iryo/iryo_hoken/kanren/6keikakusoan,2025-08-27T10:13:09.892890+00:00
紹介受診重点医療機関,,,東京都保健医療局,,,https://www.hokeniryo.metro.tokyo.lg.jp/iryo/iryo_hoken/kanren/syoukaijushin,2025-08-27T10:13:09.892938+00:00
【募集終了】「東京都保健医療計画 中間見直し（案）」について御意見を募集します,,,東京都保健医療局,,,https://www.hokeniryo.metro.tokyo.lg.jp/iryo/iryo_hoken/kanren/03chukanminaoshi,2025-08-27T10:13:09.892988+00:00
東京都外来医療計画,,,東京都保健医療局,,,https://www.hokeniryo.metro.tokyo.lg.jp/iryo/iryo_hoken/kanren/gairaikeikaku,2025-08-27T10:13:09.893084+00:00
医療療養病床から介護保険施設等への転換意向調査,,,東京都保健医療局,,,https://www.hokeniryo.metro.tokyo.lg.jp/iryo/iryo_hoken/kanren/tenkanchousa,2025-08-27T10:13:09.893132+00:00
東京都地域医療構想,,,東京都保健医療局,,,https://www.hokeniryo.metro.tokyo.lg.jp/iryo/iryo_hoken/kanren/tokyochiikiiryoukousou,2025-08-27T10:13:09.893186+00:00
東京都保健医療計画推進協議会,,,東京都保健医療局,,,https://www.hokeniryo.metro.tokyo.lg.jp/iryo/iryo_hoken/kanren/kyogikai,2025-08-27T10:13:09.893232+00:00
東京都保健医療計画（令和６年3月改定）,,,東京都保健医療局,,,https://www.hokeniryo.metro.tokyo.lg.jp/iryo/iryo_hoken/kanren/zenbun2,2025-08-27T10:13:09.893277+00:00
東京都医療機能実態調査の結果について,,,東京都保健医療局,,,https://www.hokeniryo.metro.tokyo.lg.jp/iryo/iryo_hoken/kanren/h23iryoukinoujittaichousakekka,2025-08-27T10:13:09.893322+00:00
東京都保健医療計画上の既存病床数の状況,,,東京都保健医療局,,,https://www.hokeniryo.metro.tokyo.lg.jp/iryo/iryo_hoken/kanren/kizonbyoushou,2025-08-27T10:13:09.893368+00:00
医療介護総合確保法に基づく東京都計画,,,東京都保健医療局,,,https://www.hokeniryo.metro.tokyo.lg.jp/iryo/iryo_hoken/iryo_kaigo_tokyotokeikaku,2025-08-27T10:13:09.893415+00:00
東京都地域医療再生計画,,,東京都保健医療局,,,https://www.hokeniryo.metro.tokyo.lg.jp/iryo/iryo_hoken/tiiki_iryo_saiseikeikaku,2025-08-27T10:13:09.893461+00:00
東京都における脳卒中医療連携の取組,,,東京都保健医療局,,,https://www.hokeniryo.metro.tokyo.lg.jp/iryo/iryo_hoken/nousottyuutorikumi,2025-08-27T10:13:09.893505+00:00
東京都における脳卒中医療連携の取組トップ,,,東京都保健医療局,,,https://www.hokeniryo.metro.tokyo.lg.jp/iryo/iryo_hoken/nousottyuutorikumi,2025-08-27T10:13:09.893543+00:00
東京都における脳卒中医療連携の取組,,,東京都保健医療局,,,https://www.hokeniryo.metro.tokyo.lg.jp/iryo/iryo_hoken/nousottyuutorikumi/nousoxtuchuu,2025-08-27T10:13:09.893609+00:00
都内で活用されている脳卒中地域医療連携パス（一部紹介）,,,東京都保健医療局,,,https://www.hokeniryo.metro.tokyo.lg.jp/iryo/iryo_hoken/nousottyuutorikumi/tonainousottyuupass,2025-08-27T10:13:09.893754+00:00
東京都脳卒中地域連携診療計画書,,,東京都保健医療局,,,https://www.hokeniryo.metro.tokyo.lg.jp/iryo/iryo_hoken/nousottyuutorikumi/nousottyuutiikirennkeipass,2025-08-27T10:13:09.893801+00:00
西多摩保健医療圏地域脳卒中医療連携検討会,,,東京都保健医療局,,,https://www.hokeniryo.metro.tokyo.lg.jp/iryo/iryo_hoken/nousottyuutorikumi/nishitama_kanjajouhousheet,2025-08-27T10:13:09.893902+00:00
東京都脳卒中医療連携協議会議事資料,,,東京都保健医療局,,,https://www.hokeniryo.metro.tokyo.lg.jp/iryo/iryo_hoken/nousottyuutorikumi/nousottyu_gijisiryo,2025-08-27T10:13:09.893966+00:00
東京都における糖尿病医療連携の取組,,,東京都保健医療局,,,https://www.hokeniryo.metro.tokyo.lg.jp/iryo/iryo_hoken/tounyoutorikumi,2025-08-27T10:13:09.894012+00:00
東京都における糖尿病医療連携の取組トップ,,,東京都保健医療局,,,https://www.hokeniryo.metro.tokyo.lg.jp/iryo/iryo_hoken/tounyoutorikumi,2025-08-27T10:13:09.894050+00:00
糖尿病地域連携の登録医療機関について,,,東京都保健医療局,,,https://www.hokeniryo.metro.tokyo.lg.jp/iryo/iryo_hoken/tounyoutorikumi/tounyououtokuiryokikan,2025-08-27T10:13:09.894097+00:00
東京都糖尿病医療連携協議会,,,東京都保健医療局,,,https://www.hokeniryo.metro.tokyo.lg.jp/iryo/iryo_hoken/tounyoutorikumi/iryourenkeikyougikai,2025-08-27T10:13:09.894142+00:00
東京都糖尿病医療連携ツールについて,,,東京都保健医療局,,,https://www.hokeniryo.metro.tokyo.lg.jp/iryo/iryo_hoken/tounyoutorikumi/tool,2025-08-27T10:13:09.894187+00:00
令和7年度医療DX人材育成支援事業|民間医療機関向け補助金概要|東京都保健医療局,,10分の10,東京都保健医療局,,2026-03-31,https://www.hokeniryo.metro.tokyo.lg.jp/iryo/jigyo/h_gaiyou/dx_zinzai,2025-08-27T10:13:10.421554+00:00
医療ＤＸ人材育成支援事業補助金に係る交付申請書,,,東京都保健医療局,,,https://www.hokeniryo.metro.tokyo.lg.jp/documents/d/hokeniryo/2025-06-26-101119-427,2025-08-27T10:13:10.434484+00:00
医療ＤＸ人材育成支援事業計画書,,,東京都保健医療局,,,https://www.hokeniryo.metro.tokyo.lg.jp/documents/d/hokeniryo/2025-06-26-101202-739,2025-08-27T10:13:10.434560+00:00
令和７年度医療ＤＸ人材育成支援事業補助金申請手続きの手引き,,,東京都保健医療局,,,https://www.hokeniryo.metro.tokyo.lg.jp/documents/d/hokeniryo/2025-07-03-100542-037,2025-08-27T10:13:10.434679+00:00
医療ＤＸ人材育成支援事業実施要綱,,,東京都保健医療局,,,https://www.hokeniryo.metro.tokyo.lg.jp/documents/d/hokeniryo/2025-04-21-193557-786,2025-08-27T10:13:10.434741+00:00
医療ＤＸ人材育成支援事業補助金交付要綱,,,東京都保健医療局,,,https://www.hokeniryo.metro.tokyo.lg.jp/documents/d/hokeniryo/2025-04-21-193629-474,2025-08-27T10:13:10.434794+00:00
医療政策部 医療政策課 医療改革推進担当（03-5320-4448）,,,東京都保健医療局,,,https://www.hokeniryo.metro.tokyo.lg.jp/joho/soshiki/isei/isei/index.html,2025-08-27T10:13:10.434871+00:00
東京都生産性向上・職場環境整備等支援事業補助金|事業主の方へ|東京都保健医療局,18万円,１０分の１０,東京都保健医療局,,2026-03-31,https://www.hokeniryo.metro.tokyo.lg.jp/iryo/jigyo/productivity,2025-08-27T10:13:11.286069+00:00
東京都生産性向上・職場環境等整備支援事業補助金交付要綱,,,東京都保健医療局,,,https://www.hokeniryo.metro.tokyo.lg.jp/documents/d/hokeniryo/2025-08-01-132920-835,2025-08-27T10:13:11.301022+00:00
東京都医療機関等物価高騰緊急対策支援金（令和７年度）|民間医療機関向け補助金概要|東京都保健医療局,15円,,東京都保健医療局,,2025-09-30,https://www.hokeniryo.metro.tokyo.lg.jp/iryo/jigyo/h_gaiyou/iryo-bukka,2025-08-27T10:13:12.338037+00:00
支援金のご案内はがき（病院、有床診療所及び有床助産所向け）,,,東京都保健医療局,,,https://www.hokeniryo.metro.tokyo.lg.jp/documents/d/hokeniryo/2025-07-09-111014-520,2025-08-27T10:13:12.355297+00:00
支援金のご案内はがき（無床診療所、歯科診療所、無床助産所、施術所及び歯科技工所向け）,,,東京都保健医療局,,,https://www.hokeniryo.metro.tokyo.lg.jp/documents/d/hokeniryo/2025-08-12-111214-652,2025-08-27T10:13:12.355389+00:00
令和７年度東京都医療機関等物価高騰緊急対策支援金についてのQ&A,,,東京都保健医療局,,,https://www.hokeniryo.metro.tokyo.lg.jp/documents/d/hokeniryo/2025-06-26-110416-673,2025-08-27T10:13:12.355491+00:00
東京都協定締結医療機関施設・設備費補助金等|医療機関の方へ|東京都保健医療局,,,東京都保健医療局,,,https://www.hokeniryo.metro.tokyo.lg.jp/kansen/iryokikan/kyouteihojyokin,2025-08-27T10:13:13.504473+00:00
中小病院におけるポストコロナ時代の感染症健康危機への対応能力強化事業,,,東京都保健医療局,,,https://www.hokeniryo.metro.tokyo.lg.jp/kansen/iryokikan/postcorona,2025-08-27T10:13:13.521200+00:00
中小病院におけるポストコロナ時代の感染症健康危機への対応能力強化事業トップ,,,東京都保健医療局,,,https://www.hokeniryo.metro.tokyo.lg.jp/kansen/iryokikan/postcorona,2025-08-27T10:13:13.521241+00:00
中小病院におけるポストコロナ時代の感染症健康危機への対応能力強化事業,,,東京都保健医療局,,,https://www.hokeniryo.metro.tokyo.lg.jp/kansen/iryokikan/postcorona/postcorona,2025-08-27T10:13:13.521288+00:00
中小病院におけるポスト・コロナ時代の感染症健康危機への対応能力強化事業にて作成した教育資材,,,東京都保健医療局,,,https://www.hokeniryo.metro.tokyo.lg.jp/kansen/iryokikan/postcorona/postcorona2,2025-08-27T10:13:13.521331+00:00
医療措置協定について,,,東京都保健医療局,,,https://www.hokeniryo.metro.tokyo.lg.jp/kansen/iryokikan/i_kyotei,2025-08-27T10:13:13.521391+00:00
協定締結医療機関等向け感染症対策研修,,,東京都保健医療局,,,https://www.hokeniryo.metro.tokyo.lg.jp/kansen/iryokikan/kensyu,2025-08-27T10:13:13.521421+00:00
医療機関に対するPCR検査等の精度管理支援事業,,,東京都保健医療局,,,https://www.hokeniryo.metro.tokyo.lg.jp/kansen/iryokikan/seidokanri,2025-08-27T10:13:13.521471+00:00
東京都協定締結医療機関施設・設備費補助金等,,,東京都保健医療局,,,https://www.hokeniryo.metro.tokyo.lg.jp/kansen/iryokikan/kyouteihojyokin,2025-08-27T10:13:13.521554+00:00
地域を支える「訪問介護」応援事業|介護保険|東京都福祉局,最大15万円,10/10,東京都福祉局,,2023-12-01 ～ 2024-03-31,https://www.fukushi.metro.tokyo.lg.jp/kourei/hoken/chiiki,2025-08-27T10:13:14.438564+00:00
高齢者,,,東京都福祉局,,,https://www.fukushi.metro.tokyo.lg.jp/kourei,2025-08-27T10:13:14.451092+00:00
高齢者,,,東京都福祉局,,,https://www.fukushi.metro.tokyo.lg.jp/kourei/shikaku,2025-08-27T10:13:14.451422+00:00
高齢者 トップ,,,東京都福祉局,,,https://www.fukushi.metro.tokyo.lg.jp/kourei,2025-08-27T10:13:14.454887+00:00
介護保険,,,東京都福祉局,,,https://www.fukushi.metro.tokyo.lg.jp/kourei/hoken,2025-08-27T10:13:14.454981+00:00
高齢者施策,,,東京都福祉局,,,https://www.fukushi.metro.tokyo.lg.jp/kourei/shisaku,2025-08-27T10:13:14.455042+00:00
高齢者施設,,,東京都福祉局,,,https://www.fukushi.metro.tokyo.lg.jp/kourei/shisetu,2025-08-27T10:13:14.455180+00:00
高齢者の事業者の方へ,,,東京都福祉局,,,https://www.fukushi.metro.tokyo.lg.jp/kourei/jigyo,2025-08-27T10:13:14.455339+00:00
令和５年度新型コロナウイルス感染症流行下における介護サービス事業所等のサービス 提供体制確保事業補助金に係る消費税仕入控除税額報告書の提出について（令和５年度に申請を行った分）,,,東京都福祉局,,,https://www.fukushi.metro.tokyo.lg.jp/r5servicekakuho_shouhizeihoukoku,2025-08-27T10:13:14.455424+00:00
令和5年度介護サービス事業所送迎バス等安全対策支援事業,,,東京都福祉局,,,https://www.fukushi.metro.tokyo.lg.jp/kourei/sogeibasu,2025-08-27T10:13:14.455506+00:00
令和5年度介護サービス事業所送迎バス等安全対策支援事業 消費税仕入控除税額報告書の提出について,,,東京都福祉局,,,https://www.fukushi.metro.tokyo.lg.jp/kourei/sogeibasu_syouhizei,2025-08-27T10:13:14.455573+00:00
令和７年度訪問系介護サービス暑さ対策緊急支援事業,,,東京都福祉局,,,https://www.fukushi.metro.tokyo.lg.jp/kourei/kaigoatsusataisaku,2025-08-27T10:13:14.455646+00:00
令和7年度介護サービス事業所燃料費高騰緊急対策支援金事業,,,東京都福祉局,,,https://www.fukushi.metro.tokyo.lg.jp/kourei/kaigo_r7bukkakoutou,2025-08-27T10:13:14.455711+00:00
令和4年度新型コロナウイルス感染症流行下における介護サービス事業所等のサービス提供体制確保事業補助金に係る消費税仕入控除税額報告書の提出について,,,東京都福祉局,,,https://www.fukushi.metro.tokyo.lg.jp/kourei/r4servicekakuho_shouhizeihoukoku,2025-08-27T10:13:14.455774+00:00
職員募集,,,東京都福祉局,,,https://www.fukushi.metro.tokyo.lg.jp/shougai/boshu,2025-08-27T10:13:14.456068+00:00
医療助成,,,東京都福祉局,,,https://www.fukushi.metro.tokyo.lg.jp/seikatsu/josei,2025-08-27T10:13:14.456437+00:00
相談・助成制度,,,東京都福祉局,,,https://www.fukushi.metro.tokyo.lg.jp/kiban/sodan,2025-08-27T10:13:14.456944+00:00
保健・医療,,,東京都福祉局,,,https://www.fukushi.metro.tokyo.lg.jp/%E4%BF%9D%E5%81%A5%E3%83%BB%E5%8C%BB%E7%99%82,2025-08-27T10:13:14.457120+00:00
保健・医療 トップ,,,東京都福祉局,,,https://www.fukushi.metro.tokyo.lg.jp/%E4%BF%9D%E5%81%A5%E3%83%BB%E5%8C%BB%E7%99%82,2025-08-27T10:13:14.457173+00:00
補助金交付要綱,,,東京都福祉局,,,https://www.fukushi.metro.tokyo.lg.jp/documents/d/fukushi/r7saiyouyoukou,2025-08-27T10:13:14.457539+00:00
補助金交付要綱,,,東京都福祉局,,,https://www.fukushi.metro.tokyo.lg.jp/documents/d/fukushi/r7-jitenshayoukou,2025-08-27T10:13:14.457741+00:00
介護サービス事業所のＢＣＰ策定支援事業,,,東京都福祉局,,,https://www.fukushi.metro.tokyo.lg.jp/kourei/hoken/kaigo_bcpshien,2025-08-27T10:13:14.458033+00:00
介護保険制度の住宅改修関係,,,東京都福祉局,,,https://www.fukushi.metro.tokyo.lg.jp/kourei/hoken/jyutakukaisyu,2025-08-27T10:13:14.458118+00:00
TOKYOかいごチャレンジインターンシップ(介護の仕事就業促進事業),,,東京都福祉局,,,https://www.fukushi.metro.tokyo.lg.jp/kourei/hoken/kaigochallenge,2025-08-27T10:13:14.458185+00:00
東京都介護サービス情報,,,東京都福祉局,,,https://www.fukushi.metro.tokyo.lg.jp/kourei/hoken/kaigo_lib,2025-08-27T10:13:14.458252+00:00
東京都介護サービス情報トップ,,,東京都福祉局,,,https://www.fukushi.metro.tokyo.lg.jp/kourei/hoken/kaigo_lib,2025-08-27T10:13:14.458298+00:00
介護サービス事業者の経営情報の報告について,,,東京都福祉局,,,https://www.fukushi.metro.tokyo.lg.jp/kourei/hoken/kaigo_lib/kaigokeieijouhou.html,2025-08-27T10:13:14.458368+00:00
介護職員処遇改善支援補助金について（令和6年2月から5月）,,,東京都福祉局,,,https://www.fukushi.metro.tokyo.lg.jp/kourei/hoken/kaigo_lib/shogukaizen_shien_hojokin_r6,2025-08-27T10:13:14.458427+00:00
通所介護事業所（地域密着型の事業所を除く）の耐震化促進事業,,,東京都福祉局,,,https://www.fukushi.metro.tokyo.lg.jp/kourei/hoken/kaigo_lib/taishin,2025-08-27T10:13:14.458493+00:00
介護職員処遇改善支援補助金について（令和4年2月から9月）,,,東京都福祉局,,,https://www.fukushi.metro.tokyo.lg.jp/kourei/hoken/kaigo_lib/shogukaizen_shien_hojokin,2025-08-27T10:13:14.458560+00:00
介護保険についてのお知らせ,,,東京都福祉局,,,https://www.fukushi.metro.tokyo.lg.jp/kourei/hoken/kaigo_lib/info,2025-08-27T10:13:14.458620+00:00
介護サービス情報の公表,,,東京都福祉局,,,https://www.fukushi.metro.tokyo.lg.jp/kourei/hoken/kaigo_lib/kouhyou,2025-08-27T10:13:14.458692+00:00
令和5年度東京都高齢者施設等事業継続支援事業【地域密着型施設・介護療養型医療施設向け】,,,東京都福祉局,,,https://www.fukushi.metro.tokyo.lg.jp/kourei/hoken/kaigo_lib/jigyoukeizoku,2025-08-27T10:13:14.458779+00:00
令和2年度介護施設等の消毒・洗浄経費支援事業補助金 ※本補助金の申請受付は終了いたしました。,,,東京都福祉局,,,https://www.fukushi.metro.tokyo.lg.jp/kourei/hoken/kaigo_lib/syoudokusenzyouhozyokin,2025-08-27T10:13:14.458846+00:00
介護保険の審査請求（不服申立て）,,,東京都福祉局,,,https://www.fukushi.metro.tokyo.lg.jp/kourei/hoken/kaigo_lib/yokyu,2025-08-27T10:13:14.459056+00:00
介護保険サービスの質の向上関連情報（国保連関係）,,,東京都福祉局,,,https://www.fukushi.metro.tokyo.lg.jp/kourei/hoken/kaigo_lib/kojyo,2025-08-27T10:13:14.459122+00:00
介護支援専門員(ケアマネジャー）関連情報,,,東京都福祉局,,,https://www.fukushi.metro.tokyo.lg.jp/kourei/hoken/kaigo_lib/care,2025-08-27T10:13:14.459183+00:00
介護職員等処遇改善加算取得促進支援事業,,,東京都福祉局,,,https://www.fukushi.metro.tokyo.lg.jp/kourei/hoken/syoguukasansyutokusien,2025-08-27T10:13:14.459361+00:00
次世代介護機器の活用支援事業,,,東京都福祉局,,,https://www.fukushi.metro.tokyo.lg.jp/kourei/hoken/jisedaikaigo,2025-08-27T10:13:14.459434+00:00
次世代介護機器の活用支援事業トップ,,,東京都福祉局,,,https://www.fukushi.metro.tokyo.lg.jp/kourei/hoken/jisedaikaigo,2025-08-27T10:13:14.459487+00:00
次世代介護機器導入促進支援事業(旧：次世代介護機器の活用支援事業),,,東京都福祉局,,,https://www.fukushi.metro.tokyo.lg.jp/kourei/hoken/jisedaikaigo/jisedaigaiyou,2025-08-27T10:13:14.459545+00:00
ロボット介護機器・福祉用具活用支援モデル事業（平成28.29年度実施）,,,東京都福祉局,,,https://www.fukushi.metro.tokyo.lg.jp/kourei/hoken/jisedaikaigo/robotmodel,2025-08-27T10:13:14.459613+00:00
デジタル機器導入促進支援事業(旧：ICT機器活用による介護事業所の負担軽減支援事業),,,東京都福祉局,,,https://www.fukushi.metro.tokyo.lg.jp/kourei/hoken/ictkikikatsuyou,2025-08-27T10:13:14.459681+00:00
代替職員の確保による現任介護職員等の研修支援事業,,,東京都福祉局,,,https://www.fukushi.metro.tokyo.lg.jp/kourei/hoken/daitai,2025-08-27T10:13:14.459862+00:00
東京都介護人材総合対策検討委員会,,,東京都福祉局,,,https://www.fukushi.metro.tokyo.lg.jp/kourei/hoken/jinzai-iinkai,2025-08-27T10:13:14.459943+00:00
東京都介護人材総合対策検討委員会トップ,,,東京都福祉局,,,https://www.fukushi.metro.tokyo.lg.jp/kourei/hoken/jinzai-iinkai,2025-08-27T10:13:14.460085+00:00
令和2年度第2回東京都介護人材総合対策検討委員会,,,東京都福祉局,,,https://www.fukushi.metro.tokyo.lg.jp/kourei/hoken/jinzai-iinkai/jinzai-iinkai_2020_02,2025-08-27T10:13:14.460223+00:00
第8期高齢者保健福祉計画に向けた介護人材対策の方向性について,,,東京都福祉局,,,https://www.fukushi.metro.tokyo.lg.jp/kourei/hoken/jinzai-iinkai/houkousei_2020,2025-08-27T10:13:14.460312+00:00
令和2年度第1回東京都介護人材総合対策検討委員会,,,東京都福祉局,,,https://www.fukushi.metro.tokyo.lg.jp/kourei/hoken/jinzai-iinkai/jinzai-iinkai_2020_01,2025-08-27T10:13:14.460395+00:00
令和元年度第4回東京都介護人材総合対策検討委員会,,,東京都福祉局,,,https://www.fukushi.metro.tokyo.lg.jp/kourei/hoken/jinzai-iinkai/jinzai-iinkai_2019_04,2025-08-27T10:13:14.460599+00:00
令和元年度第3回東京都介護人材総合対策検討委員会,,,東京都福祉局,,,https://www.fukushi.metro.tokyo.lg.jp/kourei/hoken/jinzai-iinkai/jinzai-iinkai_2019_03,2025-08-27T10:13:14.460682+00:00
令和元年度第2回東京都介護人材総合対策検討委員会,,,東京都福祉局,,,https://www.fukushi.metro.tokyo.lg.jp/kourei/hoken/jinzai-iinkai/jinzai-iinkai_2019_02,2025-08-27T10:13:14.460761+00:00
令和元年度第1回東京都介護人材総合対策検討委員会,,,東京都福祉局,,,https://www.fukushi.metro.tokyo.lg.jp/kourei/hoken/jinzai-iinkai/jinzai-iinkai_2019_01,2025-08-27T10:13:14.460941+00:00
外国人介護従事者受入れ環境整備等事業,,,東京都福祉局,,,https://www.fukushi.metro.tokyo.lg.jp/kourei/hoken/gaikokujinzai,2025-08-27T10:13:14.461101+00:00
看護小規模多機能型居宅介護事業所の経営状況等に関する調査結果（平成30年11月）,,,東京都福祉局,,,https://www.fukushi.metro.tokyo.lg.jp/kourei/hoken/kantakichousa,2025-08-27T10:13:14.461204+00:00
選択的介護モデル事業,,,東京都福祉局,,,https://www.fukushi.metro.tokyo.lg.jp/kourei/hoken/sentaku,2025-08-27T10:13:14.461293+00:00
選択的介護モデル事業トップ,,,東京都福祉局,,,https://www.fukushi.metro.tokyo.lg.jp/kourei/hoken/sentaku,2025-08-27T10:13:14.461373+00:00
選択的介護モデル事業,,,東京都福祉局,,,https://www.fukushi.metro.tokyo.lg.jp/kourei/hoken/sentaku/sentaku,2025-08-27T10:13:14.461458+00:00
介護職員奨学金返済・育成支援事業,,,東京都福祉局,,,https://www.fukushi.metro.tokyo.lg.jp/kourei/hoken/shougakukin,2025-08-27T10:13:14.461531+00:00
介護給付適正化の推進,,,東京都福祉局,,,https://www.fukushi.metro.tokyo.lg.jp/kourei/hoken/kyufutekiseika30-32,2025-08-27T10:13:14.461624+00:00
東京都介護職員宿舎借り上げ支援事業,,,東京都福祉局,,,https://www.fukushi.metro.tokyo.lg.jp/kourei/hoken/shukusha,2025-08-27T10:13:14.461696+00:00
定期巡回・随時対応型訪問介護看護の整備促進に向けて,,,東京都福祉局,,,https://www.fukushi.metro.tokyo.lg.jp/kourei/hoken/teikijunkai,2025-08-27T10:13:14.461778+00:00
介護人材確保対策事業,,,東京都福祉局,,,https://www.fukushi.metro.tokyo.lg.jp/kourei/hoken/kaigojinzaikakuho,2025-08-27T10:13:14.461858+00:00
訪問介護採用応援事業|介護保険|東京都福祉局,,,東京都福祉局,,2023-12-01 ～ 2024-03-31,https://www.fukushi.metro.tokyo.lg.jp/kourei/hoken/homonkaigosaiyooen,2025-08-27T10:13:15.282728+00:00
☆令和7年度訪問介護採用応援事業のチラシはこちら,,,東京都福祉局,,,https://www.fukushi.metro.tokyo.lg.jp/documents/d/fukushi/02-a4-,2025-08-27T10:13:15.316109+00:00
介護職員就業促進事業,,,東京都福祉局,,,https://www.fukushi.metro.tokyo.lg.jp/kourei/hoken/syugyosokushin,2025-08-27T10:13:15.316192+00:00
介護人材関連事業|介護保険|東京都福祉局,,,東京都福祉局,,2023-12-01 ～ 2024-03-31,https://www.fukushi.metro.tokyo.lg.jp/kourei/hoken/jinzai,2025-08-27T10:13:16.382809+00:00
令和6年度人材活用に向けた介護事業所の協働促進事業費補助金の交付申請の受付を開始しました,,,東京都福祉局,,,https://www.fukushi.metro.tokyo.lg.jp/kourei/hoken/kyodosokushin.html,2025-08-27T10:13:16.404741+00:00
令和6年度介護職員就業促進事業の実施について,,,東京都福祉局,,,https://www.fukushi.metro.tokyo.lg.jp/kourei/hoken/syugyosokushin,2025-08-27T10:13:16.404810+00:00
令和6年度訪問介護採用応援事業の実施について,,,東京都福祉局,,,https://www.fukushi.metro.tokyo.lg.jp/kourei/hoken/homonkaigosaiyooen,2025-08-27T10:13:16.404856+00:00
東京都介護職員・介護支援専門員居住支援特別手当事業について,,,東京都福祉局,,,https://www.fukushi.metro.tokyo.lg.jp/kourei/hoken/kyojushientokubetsuteate,2025-08-27T10:13:16.404904+00:00
新型コロナにより人手不足の介護保険施設等へ代替職員を派遣します（代替職員の確保による応援体制強化事業）,,,東京都福祉局,,,https://www.fukushi.metro.tokyo.lg.jp/kourei/hoken/COVIDdaitai,2025-08-27T10:13:16.404973+00:00
"令和6年度東京都における介護人材確保対策の取組について（PDF：1,531KB）",,,東京都福祉局,,,https://www.fukushi.metro.tokyo.lg.jp/documents/d/fukushi/r6jinzaikakuhotaisaku,2025-08-27T10:13:16.405028+00:00
訪問介護採用応援事業,,,東京都福祉局,,,https://www.fukushi.metro.tokyo.lg.jp/kourei/hoken/homonkaigosaiyooen,2025-08-27T10:13:16.405145+00:00
介護職員奨学金返済・育成支援事業,,,東京都福祉局,,,https://www.fukushizaidan.jp/117shougakukin/,2025-08-27T10:13:16.405190+00:00
東京都介護職員・介護支援専門員居住支援特別手当事業,,,東京都福祉局,,,https://www.fukushi.metro.tokyo.lg.jp/kourei/hoken/kyojushientokubetsuteate,2025-08-27T10:13:16.405233+00:00
東京都介護職員宿舎借り上げ支援事業,,,東京都福祉局,,,https://www.fukushizaidan.jp/304shukusha/,2025-08-27T10:13:16.405282+00:00
介護施設内保育施設運営支援事業,,,東京都福祉局,,,https://www.fukushi.metro.tokyo.lg.jp/kourei/shisetu/kaigojinzai/shisetsunaihoiku,2025-08-27T10:13:16.405361+00:00
東京都介護職員キャリアパス導入促進事業,,,東京都福祉局,,,https://www.fukushizaidan.jp/110careerpath/,2025-08-27T10:13:16.405439+00:00
介護職員処遇改善加算等取得促進支援事業,,,東京都福祉局,,,https://www.tokyosr.jp/fukushikaigo_syoguukaizenkasan/,2025-08-27T10:13:16.405528+00:00
介護職員スキルアップ研修,,,東京都福祉局,,,https://www.fukushi.metro.tokyo.lg.jp/kourei/hoken/kaigokennsyuu/kaigosyokuinnsukiruappu,2025-08-27T10:13:16.405849+00:00
現任介護職員資格取得支援事業,,,東京都福祉局,,,https://www.fukushizaidan.jp/103genninkaigo/,2025-08-27T10:13:16.405925+00:00
経済連携協定等に基づく外国人介護福祉士候補者受入れ支援事業,,,東京都福祉局,,,https://www.fukushi.metro.tokyo.lg.jp/kourei/hoken/gaikokujinzai,2025-08-27T10:13:16.406087+00:00
外国人技能実習制度に基づく外国人介護実習生の受入れ支援事業,,,東京都福祉局,,,https://www.fukushi.metro.tokyo.lg.jp/kourei/hoken/gaikokujinzai,2025-08-27T10:13:16.406174+00:00
高齢者施策推進部介護保険課介護人材担当（03-5320-4267）,,,東京都福祉局,,,https://www.fukushi.metro.tokyo.lg.jp/about/soshiki/kourei/kaigo,2025-08-27T10:13:16.406261+00:00
